{
    "name": "Area_of_Interest",
    
    "minLon": 13.654175,
    "minLat": 51.00662,
    "maxLon": 13.828583,
    "maxLat": 51.094676
}