{
    "name": "dresden_small",
    "run": "run3",
    "minLon": 13.735721,
    "minLat": 51.049871,
    "maxLon": 13.752246,
    "maxLat": 51.05792
}